Code Country Location
angu Anguilla Road
blow Anguilla Blowing
dumo Antarctica Dumont
rothe Antarctica Rothera
syow Antarctica Syowa
vern Antarctica Vernadsky
dese Argentina Puerto
madry Argentina Puerto
plat2 Argentina Mar
ushu Argentina Ushuaia
bapj Australia Battery
barn Australia Burnie
brom Australia Broome
chrs Australia Christmas
cocb Australia Cocos
cuvie Australia Cape
darw Australia Darwin
dcor Australia DART
dcor2 Australia DART
dcr2 Australia DART
dcr3 Australia DART
djve Australia DART
djve2 Australia DART
djvw Australia DART
dta3 Australia DART
dta4 Australia DART
dtas Australia DART
dtas2 Australia DART
espe Australia Esperance
ferg Australia Cape
ffcj Australia Flying
gcsb Australia Gold
gpab Australia Geraldton
groo Australia Groote
hill Australia Hillarys
lirf Australia Lihou
pkem Australia Port
pmur Australia PtMurat
porl Australia Portland
ross Australia Rosslyn
spjy Australia Southport
sprg Australia Spring
tbwc Australia Twofold
thev Australia Thevenard
trst Australia Torres
setp1 Bahamas Settlement
chtt Bangladesh Chittagong
bcon Barbados Consett
bois Barbados Oistins
brid2 Barbados Bridgetown
bspe Barbados Speightstown
ptsc Barbados Port
blkw Belgium Blankenberge
mpaw Belgium A2
mpcw Belgium Westhinder
mphw Belgium Bol
mpsw Belgium Scheur
mpww Belgium Wandelaar
nieu Belgium Nieuwpoort
oste Belgium Ostend
oste1 Belgium Oostende
zldw Belgium Zeebrugge
zwdw Belgium Zeebrugge
cabc Belize Carrie
bmsg Bermudas Bermuda
bmso Bermudas Bermuda
dber Bermudas DART
Salv2 Brasil Salvador
arrc2 Brasil Porto
bele Brasil Belém
bele2 Brasil Porto
fort Brasil Fortaleza
fort2 Brasil Porto
imbi Brasil Imbituba
imbt Brasil Imbituba2
imbt2 Brasil Porto
ptos2 Brasil Porto
salv Brasil Salvador
salv3 Brasil Capitania
tbvi2 British Virgin
palm1 Cabo Verde
aler Canada Alert
bamf Canada Bamfield
bbbc Canada Bella
crbc Canada Campbell
dhai Canada DART
hens Canada Henslung
lpbc Canada Langara
nain Canada Nain
palb Canada Port
phbc Canada Port
prin2 Canada Prince
qcbc Canada Queen
stjo Canada St.
tfbc Canada Tofino
vhbc Canada Vancouver
vibc Canada Victoria
whbc Canada Winter
cagb Cayman Islands
cagt Cayman Islands
ancu Chile Ancud
ancu2 Chile Ancud
anto Chile Antofagasta
anto2 Chile Antofagasta
aric Chile Arica
aric2 Chile Arica
bmsa Chile Bahia
bmsa2 Chile Bahia
boye Chile Boyeruca
boye2 Chile Boyeruca
cald Chile Caldera
cald2 Chile Caldera
chnr Chile Chañaral
chnr2 Chile Chañaral
cmet Chile Caleta
cmet3 Chile Caleta
coli Chile Coliumo
coli2 Chile Coliumo
cons2 Chile Constitucion
const Chile Constitucion
coqu Chile Coquimbo
coqu2 Chile Coquimbo
corr Chile Corral
corr2 Chile Corral
crnl Chile Coronel
crnl2 Chile Coronel
cstr Chile Castro
cstr2 Chile Castro
dch2 Chile DART
dch3 Chile DART
dch4 Chile DART
dch5 Chile DART
dchi Chile DART
dchi2 Chile DART
dcld Chile DART
dcld2 Chile DART
dval Chile DART
dval2 Chile DART
east Chile Isla
east2 Chile Isla
enap Chile Arica
greg Chile Bahia
greg2 Chile Bahia
huas Chile Huasco
huas2 Chile Huasco
iqui Chile Iquique
iqui2 Chile Iquique
juan Chile Juan
juan2 Chile Juan
lebu Chile Lebu
lebu2 Chile Lebu
meji Chile Mejillones
meji2 Chile Mejillones
nhte Chile Nehuentue
ntue Chile Nehuentue
ntue2 Chile Nehuentue
ohig Chile Base
ohig3 Chile Base
pagi Chile Puerto
pagi2 Chile Puerto
papo Chile Paposo
papo2 Chile Paposo
pata Chile Patache
pata2 Chile Patache
pcha Chile Puerto
pcha2 Chile Puerto
pedn Chile Puerto
pedn2 Chile Puerto
pich Chile Pichidangui
pich2 Chile Pichidangui
pisa Chile Pisagua
pisa2 Chile Pisagua
pmel Chile Puerto
pmel2 Chile Puerto
pmon Chile Puerto
pmon2 Chile Puerto
pnat Chile Puerto
pnat2 Chile Puerto
prat Chile Base
prat3 Chile Base
ptal Chile Puerto
ptal2 Chile Puerto
ptar Chile Punta
ptar2 Chile Punta
ptch Chile Punta
pwil Chile Puerto
pwil2 Chile Puerto
qtro Chile Quintero
qtro2 Chile Quintero
quel Chile Queule
quel2 Chile Queule
quir Chile Quiriquina
quir2 Chile Quiriquina
sanf Chile San
sanf3 Chile San
sano Chile San
sano2 Chile San
talc Chile Talcahuano
talc2 Chile Talcahuano
talt Chile Taltal
talt2 Chile Taltal
toco Chile Tocopilla
toco2 Chile Tocopilla
valp Chile Valparaiso
valp2 Chile Valparaiso
qing China Qinglan
shen China Shenzhen
zhap China Zhapo
balc Colombia Ballenas
buve Colombia Buenaventura
buve2 Colombia Buenaventura
cart Colombia Cartagena
cove Colombia Coveñas
inav Colombia Isla
inav2 Colombia Isla
isfu Colombia Isla
juac Colombia Juanchaco
malp2 Colombia Malpelo
sama Colombia Santa
sama2 Colombia Santa
sana Colombia San
sapz Colombia Sapzurro
sapz2 Colombia Sapzurro
sola Colombia Bahia
tumc Colombia Tumaco
tumc2 Colombia Tumaco
turb Colombia Turbo
penr Cook Islands
raro Cook Islands
cocos Costa Rica
limon Costa Rica
quepo Costa Rica
baka Croatia Bakar
sobr Croatia Sobra
stari Croatia Stari
bull Curaçao Bullen
larn2 Cyprus Larnaca
leme Cyprus Limassol
zygi1 Cyprus Zygi
hirt Denmark Hirtshals
ptmd2 Dominica island
rose Dominica island
bara Dominican Republic
ptca Dominican Republic
ptpl Dominican Republic
sdom Dominican Republic
balt Ecuador Baltra,Galapagos
bcar Ecuador Bahía
dmaa Ecuador DART
dpeb Ecuador DART
esme Ecuador Esmeraldas
gyer Ecuador Guayaquil
lali Ecuador La
patu Ecuador Puerto
pbol Ecuador Puerto
plop Ecuador Puerto
puna Ecuador Puná
sant Ecuador SantaCruz,Galapagos
slor Ecuador San
alex Egypt Alexandria
alex1 Egypt Alexandria
alex2 Egypt Alexandria
alex3 Egypt alexandria
matr Egypt Marsa
psai Egypt Port
acaj El Salvador
lalb El Salvador
laun El Salvador
levu Fiji Islands
viti Fiji Islands
Thio2 France Thio
ajac France Ajaccio
ajac2 France Ajaccio2
arca France Arcachon
arca2 France Arcachon
audi France Audierne
audi2 France Audierne
bouc France Boucau-Bayonne
bouc2 France Boucau-Bayonne
boul France Boulogne-Sur-Mer
boul2 France Boulogne-Sur-Mer
bres France Brest
cala France Calais
cala2 France Calais
cent France Centuri
cent2 France Centuri2
cher France Cherbourg
cher2 France Cherbourg
conc France Concarneau
conc2 France Concarneau
desh France Deshaies,
diel France Dielette
diel2 France Dielette
diep France Dieppe
diep2 France Dieppe
dunk France Dunkerque
dunk2 France Dunkerque
dzao France Dzaoudzi
dzao2 France Dzaoudzi
figu France La
figu2 France La
ftfr France Fort-de-France,
ftfr2 France Fort-de-France,
futu France Leava
gamb France Rikitea
herb France L'Herbaudière
herb2 France L'Herbaudière
hien France Hienghene
hien2 France Hienghene
hiva France Hiva
huahi France Huahine
iaix France Ile
iler France Ile
kerg France Kerguelen
kerg2 France Kerguelen
larp France La
larp2 France La
leco France Le
leco2 France Le
lecy France Le
leha France Le
leha2 France Le
leso France Les
leso2 France Les
lifo France Lifou
lifo2 France Lifou
mare France Maré
mare2 France Maré
mars France Marseille
mimz France Mimizan
mimz2 France Mimizan
miqu France Saint
nice France Nice
nice2 France Nice2
nuku France Nuku
numb2 France Nouméa
numbo France Nouméa
ouin France Ouinne,
ouin2 France Ouinn2,
ouis France Ouistreham
ouis2 France Ouistreham
ouve France Ouvea
pape France Papeete
port France Port-Bloc
port2 France Port-Bloc2
ptbc France Port-de-Bouc
ptbc2 France Port-de-Bouc2
ptfe France Port
ptfe2 France Port
ptln France Port-La-Nouvelle
ptln2 France Port-la-Nouvelle
ptpt France Pointe
ptpt2 France Pointe
ptve France Port-Vendres
ptve2 France Port-Vendres2
rangi France Rangiroa
reun France Pointe
reun2 France Pointe
rosc France Roscoff
rosc2 France Roscoff
rous France Ile
rous2 France Ile
sain France Saint-Nazaire
sain2 France Saint-Nazaire
scoa France Socoa
scoa2 France Socoa2
sete France Sète
sete2 France Sete
smar France Sainte
smar2 France Sainte
sole France Solenzara
sole2 France Solenzara2
spmi France Saint
stma France Saint-Malo
stma2 France Saint-Malo
stmt France Saint
stqy France Saint-Quay-Portrieux
stqy2 France Saint-Quay-Portrieux
thio France Thio
toul France Toulon
toul2 France Toulon2
tubua France Tubuai
tudy France Port-Tudy
vair France Vairao
wall France Mata-Utu
Code GLOSSID Country
bork Germany Borkum
cuxh Germany Cuxhaven
helg Germany Helgoland
horn Germany Hörnum
kiel Germany LT
sass Germany Sassnitz
warn Germany Warnemünde
tema Ghana Tema
tkdi Ghana Takoradi
aigi Greece Aigio,
corf Greece Kerkyra,
corn Greece Corinth,
hrak Greece Hrakleio,
iera Greece Ierapetra,
itea Greece Itea,
kala Greece Kalamata
kaps Greece Kapsali,
kaso Greece Kasos
kata Greece Katakolo
koro Greece Koroni,
noat Greece NOA
pale Greece Paleochora,
pano Greece Panormos,
peir Greece Peiraias
prev Greece Preveza,
smth Greece Samothraki,
syro Greece Syros
zkth Greece Zakynthos,
nuk1 Greenland Nuuk
qaqo Greenland Qaqortoq,
scor Greenland Ittoqqortoormiit,
thul Greenland Thule
uper Greenland Upernavik
pric Grenada Prickly
dgum Guam DART
prba Guatemala Puerto
prch Guatemala Puerto
prsj Guatemala Puerto
sipa Guatemala Sipacate
brpt Hawaii Barbers
maka Hawaii Makai
mane Hawaii Manele
caph Haïti Cap-Haïtien
slds Haïti St.
quar Hong Kong
shek Hong Kong
reyk Iceland Reykjavik
chenn India Chennai
coch India Cochin
dar2 India DART
dara India DART
dni2 India DART
dni4 India DART
dni6 India DART
dni7 India DART
marm India Marmagao
mini India Minicoy
nanc India Nancowry
ptbl India Port
verav India Veeraval
vish India Visakhapatnam
ambon Indonesia Ambon
beno Indonesia Benoa
bitu Indonesia Bitung
cili Indonesia Cilacap
koli Indonesia Kolinamil,
koli2 Indonesia Kolinamil
lemba Indonesia Lembar
pada Indonesia Padang
prig Indonesia Prigi
saba Indonesia Sabang
sadp Indonesia Sadeng
sema Indonesia Semarang
sura Indonesia Surabaya
ball Ireland Ballyglass
cast Ireland Castletownbere
malh Ireland Malin
mali Ireland Malin
hade2 Israel Hadera
AN15 Italy Ancona
AZ42 Italy Anzio
BA05 Italy Bari
BRLT Italy Barletta
CA02 Italy Cagliari
CETR Italy Cetraro
CF06 Italy Carloforte
CI20 Italy Civitavecchia
CR08 Italy Crotone
CT03 Italy Catania
GA37 Italy Gaeta
GE25 Italy Genova
GI20 Italy Ginostra
IM01 Italy Imperia
IT45 Italy Isole
LA23 Italy Lampedusa
LA38 Italy La
LI11 Italy Livorno
MC41 Italy Marina
ME13 Italy Messina
MNPL Italy Monopoli
MRTM Italy Marettimo
NA23 Italy Napoli
OR24 Italy Ortona
OT15 Italy Otranto
PA07 Italy Palermo
PE09 Italy Porto
PL14 Italy Palinuro
PO40 Italy Ponza
PRTP Italy Portopalo
PSCA Italy Pantelleria
PT17 Italy Porto
RA10 Italy Ravenna
RC09 Italy Reggio
RCCL Italy Roccella
SA16 Italy Salerno
SB36 Italy S.Benedetto
SC43 Italy Sciacca
SMLE Italy Santa
TA18 Italy Taranto
TEUL Italy Teulada
TR22 Italy Trieste
VE19 Italy Venice
VI12 Italy Vieste
tara1 Italy Taranto
usti Italy Ustica
efjm Jamaica Errol
abas Japan Abashiri
abur Japan Aburatsu
chij Japan Chichijima
fuka Japan Fukaura
hako Japan Hakodate
hana Japan Hanasaki
hmda Japan Hamada
ishig Japan Ishigakijima
kush Japan Kushiro
kusm Japan Kushimoto
mera Japan Mera
mins Japan Minami-Tori-Shima
naga Japan Nagasaki
naha Japan Naha
noto Japan Noto
ofun Japan Ofunato
omae Japan Omaezaki
sado Japan Sado
saig Japan Saigo
tosa Japan Tosashimizu
toya Japan Toyama
waka Japan Wakkanai
aqab Jordan Aqaba
lamu Kenya Lamu
momb Kenya Mombasa
kant Kiribati Kanton
tara Kiribati Betio,Tarawa
xmas Kiribati Christmas
busa Korea Busan
kisr Kuwait Salmiya
lank Malaysia Langkawi
Male2 Maldive Islands
ganm Maldive Islands
hani Maldive Islands
kwaj Marshall Islands
kwaj2 Marshall Islands
marsh Marshall Islands
lero Martinique Le
prec Martinique Le
noct Mauritania Nouakchott
blueb Mauritius Blue
ptlu Mauritius Pt.Louis
rodr Mauritius Rodrigues
acap2 Mexico Acapulco
alva Mexico Alvarado
alva2 Mexico Alvarado2
camt Mexico Lerma
ccar Mexico Ciudad
chia Mexico Puerto
clst Mexico Celestun,
huat Mexico Huatulco
huat2 Mexico Huatulco
iclr Mexico Isla
imuj Mexico Isla
imuj2 Mexico Isla
laza Mexico Lázaro
laza2 Mexico Lázaro
lpaz2 Mexico La
made Mexico Puerto
mnza Mexico Manzanillo
prog Mexico Progreso,
prog2 Mexico Progreso,
ptan Mexico Puerto
ptan2 Mexico Puerto
puer2 Mexico Puerto
puert Mexico Puerto
pumo Mexico Puerto
pumo2 Mexico Puerto
sali Mexico Salina
sali2 Mexico Salina
sian Mexico Sian
sian2 Mexico Sian
sisa Mexico Sisal
smag Mexico Sánchez
smag2 Mexico Sánchez
telc Mexico Telchac
tuxp Mexico Tuxpan
tuxp2 Mexico Tuxpan
vera Mexico Veracruz,
vera2 Mexico Veracruz,
zihu Mexico Zihuatanejo,
zihu2 Mexico Zihuatanejo2
chuu Micronesia Chuuk
deke Micronesia Dekehtik,Pohnpei
kapi Micronesia Kapingamarangi
yapi Micronesia Yap
monc Monaco Monaco,
monc2 Monaco Monaco2,
mnts Montserrat Little
elja1 Morocco el
sitt Myanmar Sittwe
nauu Nauru Nauru
brsk Netherlands Breskens
delf Netherlands Delfzijl
denh Netherlands Den
euro Netherlands Europlatform
harl Netherlands Harlingen
hoek Netherlands Hoek
sche Netherlands Scheveningen
ters Netherlands Terschelling
trnz Netherlands Terneuzen
vlis Netherlands Vlissingen
vlrn Netherlands Vlakte
auct New Zealand
chit New Zealand
chst New Zealand
cpit New Zealand
dnza New Zealand
dnza2 New Zealand
dnzb New Zealand
dnzb2 New Zealand
dnzc New Zealand
dnzc2 New Zealand
dnzd New Zealand
dnzd2 New Zealand
dnze New Zealand
dnze2 New Zealand
dnzf New Zealand
dnzf2 New Zealand
dnzg New Zealand
dnzg2 New Zealand
dnzh New Zealand
dnzh2 New Zealand
dnzi New Zealand
dnzi2 New Zealand
dnzj New Zealand
dnzj2 New Zealand
dnzk New Zealand
dnzk2 New Zealand
dnzl New Zealand
dnzl2 New Zealand
gbit New Zealand
gist New Zealand
jack New Zealand
kait New Zealand
lott New Zealand
mnkt New Zealand
napt New Zealand
nbrt New Zealand
ncpt New Zealand
otat New Zealand
puyt New Zealand
rbct New Zealand
rfrt New Zealand
taut New Zealand
wlgt New Zealand
pcrt Nicaragua Puerto
pots Nicaragua Puerto
psan Nicaragua Puerto
psjs Nicaragua Puerto
alofi Niue Alofi
kjni Norfolk Island
Sandn Norway Sandnes
ales Norway Ålesund
ande Norway Andenes
berg Norway Bergen
bodo Norway Bodø
brur Norway Bruravik
frot Norway Mausund
hamm Norway Hammerfest
hars Norway Harstad
heim Norway Heimsjøen
helgz Norway Helgeroa
honn Norway Honningsvåg
kabe Norway Kabelvåg
kris Norway Kristiansund
leir Norway Leirvik
malo Norway Måløy
narv Norway Narvik
nyal Norway Ny
osca Norway Oscarsborg
oslo Norway Oslo
rorv Norway Rørvik
sire Norway Sirevåg
stav Norway Stavanger
treg Norway Tregde
trom Norway Tromsø
tron Norway Trondheim
vard Norway Vardø
vike Norway Viker
duqm Oman Duqm
maji Oman Majis
masi Oman Masirah
masi2 Oman Masirah
musc Oman Muscat
musc3 Oman Muscat
qura Oman Qurayat
sala Oman Salalah
wuda Oman Khawr
kara Pakistan Karachi
mala Palau Islands
bdto Panamá Bocas
dpan Panamá DART
elpo Panamá El
dtru Papua New
lomb Papua New
atic Perú Atico,
bayo Perú Bayovar,Piura
call Perú Callao,La-Punta
cazul Perú Cerro
chala Perú Chala,Arequipa,PE
chimb Perú Chimbote,Ancash
dgal Perú DART
huach Perú Huacho,Lima
huarm Perú Huarmey,Ancash
ilom Perú Ilo,Moquegua
lacr Perú La
lobos Perú IsalaLobos,Chiclayo
mata Perú Matarani,Arequipa
paita Perú Paita,Piura
pgrau Perú Puerto
pisco Perú Pisco,Ica
salav Perú Salaverry,Trujillo
sjuan Perú San
tala Perú Talara
curri Philippines Currimao
davo Philippines Davao
dphi Philippines DART
lega Philippines Legaspi
luba Philippines Lubang
mani Philippines Manila
subi Philippines Subic
UAPO Polynésie Française
make Polynésie Française
pape2 Polynésie Française
casc Portugal Cascais
lgos Portugal Lagos
pdas Portugal Ponta
agua Puerto Rico
aracS Puerto Rico
faja Puerto Rico
gtdpr Puerto Rico
isab Puerto Rico
maya Puerto Rico
stdpr Puerto Rico
csta2 Romania Constanta2
mang Romania Mangalia
khol Russia Kholmsk
kors Russia Korsakov
kuri Russia Kuril'sk
naho Russia Nahodka
nksk Russia Nikol'skoe
petr Russia Petropavlovsk
poro Russia Poronajsk
posi Russia Pos'et
preo Russia Preobrazheniye
rudn Russia Rudnaya
sosu Russia Sosunovo
sove Russia Sovetskaja
star Russia Starodubskoe
ugle Russia Uglegorsk
vlad Russia Vladivostok
calq Saint Vincent
chat Saint Vincent
stlu Saint Lucia
stlu2 Saint Lucia
stlu3 Saint Lucia
stlu4 Saint Lucia
sthl2 Saint-Helena Saint
auasi Samoa Auasi
aunuu Samoa Aunuu
dapi Samoa DART
ofuas Samoa Ofu
pago Samoa Pago
pagx Samoa Pago
tauas Samoa Tau
upol Samoa Apia
laru2 Seychelles Point
lata Solomon Islands
solo Solomon Islands
tare Solomon Islands
mais South-Africa Marion
acor1 Spain A
alac1 Spain Alicante1
alac2 Spain Alicante2
alcu Spain Alcudia
alge Spain Algeciras
alme Spain Almeria
alme2 Spain Almería
arre Spain Arrecife
barc Spain Barcelona
barc2 Spain Port
bil3 Spain Bilbao3
bon2 Spain Bonanza2
cadi Spain Cadiz
carb Spain Carboneras
ceut Spain Ceuta
ceut1 Spain Ceuta
ciut Spain Ciutadella
cor2 Spain Acoruna
coru Spain La
fer1 Spain Ferrol1
fer2 Spain Ferrol2
form Spain Formentera
fue2 Spain Fuerteventura
fuer2 Spain Puerto
gand Spain Gandia
gara Spain Garachico
gij2 Spain Gijon
hie2 Spain ElHierro
huel Spain Huelva5
ibiz Spain Ibiza2
lago Spain LaGomera
lang Spain Langosteira
lapa Spain LaPalma
lasp Spain LasPalmas2
lmma Spain La
maho Spain Mahon
mal3 Spain Malaga
mari Spain Marin
meli Spain Melilla
motr Spain Motril2
murc2 Spain Murcia
palm Spain PalmadeMallorca
sagu Spain Sagunto
san2 Spain Santander
sev2 Spain Sevilla
tari Spain Tarifa
tarr Spain Tarragona
taza Spain Puerto
tene Spain Tenerife2
tn031 Spain Arona,
vale Spain Valencia
vig2 Spain Vigo
vil2 Spain Villagarcia
colo Sri Lanka
trin Sri Lanka
arko Sweden Arko
bars Sweden Barseback
bona Sweden Bonan
brof Sweden Brofjorden
e4bs Sweden E4
falk Sweden Falkenberg
fors Sweden Forsmark
furu Sweden Furuogrund
goag Sweden Goteborg
goer Sweden Goteborg
gohi Sweden Göteborg-Hisingsbron
gokr Sweden Goteborg
goti Sweden Goteborg
halm Sweden Halmstad
hels Sweden Helsingborg
holm Sweden Holmsund
jute Sweden Juten
kaka Sweden Kalix
kalit Sweden Kalix
kalm Sweden Kalmar
karl Sweden Karlshamn
klag Sweden Klagshamn
kung Sweden Kungsholmsfort
kungr Sweden Kungsvik
land Sweden Landsort
ljus Sweden Ljusne
lund Sweden Lunde
maha Sweden Malmo
mard Sweden Marstrand
nyna Sweden Nynas
olan Sweden Olands
onsa Sweden Onsala
oska Sweden Oskarshamn
oxel Sweden Oxelosund
rata Sweden Ratan
ring Sweden Ringhals
simp Sweden Simpevarp
simr Sweden Simrishamn
skagk Sweden Skagsudde2
skan Sweden Skanor
smog Sweden Smogen
spik Sweden Spikarna
sten Sweden Stenungsund
sthm Sweden Stockholm
stro Sweden Stromoren
tang Sweden Tangudden
udde Sweden Uddevalla
varb Sweden Varberg2
vikew Sweden Viken
vin2 Sweden Vinga2
visb Sweden Visby
vvik Sweden Vastervik
ysta Sweden Ystad2
dakar Sénégal Dakar
tanp Taiwan Anping
tboz Taiwan Bozihlia
tche Taiwan Chenggong
tcim Taiwan Cimei
tdan Taiwan Danhai
tdas Taiwan Danshuei
tdaw Taiwan Dawn
tdog Taiwan Dongshih
tdoj Taiwan Dongjidao
tdon Taiwan Donggang
tdos Taiwan Dongshadao(Pratas)
tfan Taiwan Fangliao
tfug Taiwan Fugang
tful Taiwan Fulong
thep Taiwan Heping
thou Taiwan Houbihu
thsi Taiwan Hsinchu
thua Taiwan Hualien
tjhu Taiwan Jhuwei
tjia Taiwan Jiangjun
tjib Taiwan Jibei
tkao Taiwan Kaohsiung
tkee Taiwan Keelung
tlan Taiwan Lanyu
tlia Taiwan Liaoluowan
tlin Taiwan Linshanbi
tlon Taiwan Longdong
tluk Taiwan Lukang
tlyu Taiwan Lyudao
tmai Taiwan Mailiao
tmat Taiwan Matsu
tnan Taiwan Nansha
tpen Taiwan Penghu
tshi Taiwan Shihti
tshu Taiwan Shueitou
tsic Taiwan Sicao
tsua Taiwan Su-ao
tsyu Taiwan Syunguangzuei
ttai Taiwan Taichung
twai Taiwan Waipu
twun Taiwan Wungang
twus Taiwan Wushih
txig Taiwan Xiaogang
txil Taiwan Xiao
tyon Taiwan Yongan
tzha Taiwan ZhangTanLi
zanz Tanzania Zanzibar
dnic Thailand DART
dnic2 Thailand DART
nkfa Tonga Island
nkfa2 Tonga Island
gale Trinidad &
ptsp Trinidad &
amas Turkey Amasra
anta Turkey Antalya
arsu Turkey Arsuz
bodr Turkey Bodrum
bozy Turkey Bozyazi
erdek Turkey Erdek
erdem Turkey Erdemli
gokc Turkey Gokceada
igne Turkey Igneada
ista Turkey Istanbul
maer Turkey Marmara
ment Turkey Mentes
mrms Turkey Marmaris
sile Turkey Sile
sino Turkey Sinop
tasu Turkey Tasucu
trab Turkey Trabzon
yalo Turkey Yalova
tcsb Turks &
fong Tuvalu Islands
abed UK Aberdeen
ascen UK Ascension
avon UK Avonmouth
bang UK Bangor
barm UK Barmouth
bmda UK Bermuda
bour UK Bournemouth
crom UK Cromer
dlpr UK Deal
dove UK Dover
exmt UK Exmouth
fish UK Fishguard
garc UK Diego
gibr3 UK Gibraltar
harw UK Harwich
hasp UK Hastings
hbay UK Herne
heys UK Heysham
hink UK Hinkley
holy2 UK Holyhead2
ilfa UK Ilfracombe
immi UK Immingham
jers UK Jersey
kepo1 UK King
kinl UK Kinlochbervie
leit UK Leith
lerw2 UK Lerwick2
live UK Liverpool
live2 UK Liverpool
llan UK Llandudno
lowe UK Lowestoft
lymg UK Lymington
mhav UK Milford
mill UK Millport
mumb UK Mumbles
newl2 UK Newlyn2
newl3 UK Newlyn
nhav UK Newhaven
npor UK Newport
nshi UK North
plym UK Plymouth
porp UK Portpatrick
prus UK Portrush
ptis UK Port
ptmt UK Portsmouth
sdpr UK Sandown
shee UK Sheerness
shee2 UK Sheerness
sscr UK Second
stan2 UK Stanley
stmr UK St
stor UK Stornoway
swpr UK Swanage
tobe UK Tobermory
ulla UK Ullapool
weym UK Weymouth
whit UK Whitby
wick UK Wick
work UK Workington
acnj USA Atlantic
acnj2 USA Atlantic
adak USA Adak
adak2 USA Adak
alak USA Alitak
alak2 USA Alitak
alam USA Alameda
alawa USA Ala
amal USA Charlotte-Amalie
amal2 USA Charlotte-Amalie
anch USA Anchorage
anch2 USA Anchorage
apfl USA Apalachicola
apfl2 USA Apalachicola
apla USA Lawma,
apla2 USA Lawma,
aren USA Arena
aren2 USA Arena
asto USA Astoria
asto2 USA Astoria
atka USA Atka,
bamd USA Baltimore
bame USA Bar
bame2 USA Bar
benc USA Beaufort
benc2 USA Beaufort
bgct USA Bridgeport
bgct2 USA Bridgeport
boma USA Boston
btny USA Battery
btny2 USA Battery
cbmd USA Cambridge
cbmd2 USA Cambridge
char USA Charleston,
char2 USA Charleston,
chrp USA Cherry
chrp2 USA Cherry
cmnj USA Cape
cmnj2 USA Cape
cord USA Cordova
cord2 USA Cordova
cpla USA Calcasieu
cpla2 USA Calcasieu
cres USA Crescent
cres2 USA Crescent
cule USA Culebra
cule2 USA Culebra
cwfl USA Clearwater
cwfl2 USA Clearwater
cwme USA Cutler
cwme2 USA Cutler
dacp USA DART
dacp2 USA DART
dadk USA DART
dadk2 USA DART
danc USA DART
dapi2 USA DART
dat2 USA DART
dat3 USA DART
dat4 USA DART
dat5 USA DART
datu USA DART
datu2 USA DART
dber2 USA DART
dcal USA DART
dcal2 USA DART
dcar USA DART
dcar2 USA DART
dchr USA DART
dchr2 USA DART
dchu USA DART
dchu2 USA DART
dgal2 USA DART
dgul USA DART
dgul2 USA DART
dgum2 USA DART
dhai2 USA DART
dhaw USA DART
dhaw2 USA DART
dhon USA DART
dhon2 USA DART
dial USA Dauphin
djun USA DART
djun2 USA DART
dkam USA DART
dkam2 USA DART
dkod USA DART
dkod2 USA DART
dkur USA DART
dkur2 USA DART
dkwa USA DART
dkwa2 USA DART
dmnz USA DART
dmnz2 USA DART
dmon USA DART
dmon2 USA DART
dnwp USA DART
dnwp2 USA DART
dorg USA DART
dorg2 USA DART
dpan2 USA DART
dpnc USA Duck
dpor USA DART
dryu USA DART
dryu2 USA DART
dsai USA DART
dsai2 USA DART
dsea USA DART
dsea2 USA DART
dsen USA DART
dsen2 USA DART
dshu USA DART
dstl USA DART
dstl2 USA DART
dtok USA DART
dtok2 USA DART
dtru2 USA DART
duni USA DART
duni2 USA DART
dutc USA Dutch
dutc2 USA Dutch
elak USA Elfin
elak2 USA Elfin
epme USA East
epme2 USA East
fbfl USA Fernadina
fbfl2 USA Fernadina
fmfl USA Fort
fmfl2 USA Fort
fpga USA Fort
fpga2 USA Fort
fpnt USA Ft
fpnt2 USA Ft
fren USA Tern,Fr.
gila USA Grand
gptx USA Galveston
guam USA Guam
guam2 USA Guam
halei USA Haleiwa
hanl USA Hanalei,
heeia USA Heeia
hilo USA Hilo,Hawaii
hilo2 USA Hilo,
hoko USA Honokohau
hono USA Honolulu,Oahu
hono2 USA Honolulu,
john USA Johnston
kahu USA Kahului,
kahu2 USA Kahului,
kaun USA Kaunakakai,
kawa USA Kawaihae,
kawa2 USA Kawaihae,
keehi USA Keehi
kodi USA Kodiak
kodi2 USA Kodiak
kwfl USA Key
lajo USA La
lajo2 USA La
lame USA LameshurBayStJohnVI
lame2 USA LameshurBayStJohnVI
lime USA Limetree
lime2 USA Limetree
losa USA Los
magi USA Magueyes
magi2 USA Magueyes
midx USA Midway
midx2 USA Midway
milo USA Milolii,
moku USA Mokuoloe,Oahu
mona USA Mona
mona2 USA Mona
mont USA Monterey
mont2 USA Monterey
mony USA Montauk,
mony2 USA Montauk,
nawi USA Nawiliwili,
nome USA Nome
nspi USA North
nspi2 USA North
paak USA Port
paak2 USA Port
pagb USA Pago
pall USA Port
plmy USA Palmyra
pnfl USA Pensacola
pnfl2 USA Pensacola
prud USA Prudhoe
prud2 USA Prudhoe
psla USA Pilots
psla2 USA Pilots
pslu USA Port
pslu2 USA Port
ptme USA Portland
saip USA Saipan
sand USA San
sanj USA San
sanj2 USA San
sbea USA South
sbea2 USA South
sdpt USA Sand
sdpt2 USA Sand
sewa USA Seward
sewa2 USA Seward
sitk USA Sitka
sitk2 USA Sitka
stcr USA St
stcr2 USA St
vald2 USA Valdez
vieq USA Vieques
vieq2 USA Vieques
vsfb USA Vandenberg
waian USA Waianae
wake USA Wake
wake2 USA Wake
wlms USA Bay
wood USA Woods
wood2 USA Woods
wpwa USA Westport,
yabu USA Yabucoa
yaku USA Yakutat
yaku2 USA Yakutat
lena Vanuatu Lenakel,
litz Vanuatu Litzlitz,
luga Vanuatu Luganville
vanu Vanuatu Port
quin Viet Nam
vung Viet Nam
